feature_1,feature_2,feature_3,feature_4,feature_5,feature_6,feature_7,feature_8,feature_9,feature_10,class
2.9843,-6.8522,-1.7262,0.21,-7.3677,-0.9064,1.7007,4.0949,-1.1255,-5.0606,0.0
-4.2167,5.149,-4.8919,3.6105,4.0713,-1.0704,-6.2861,3.4664,3.2077,1.8803,1.0
-3.3748,3.7292,-3.3415,1.7753,1.8984,-1.5954,-3.0154,2.9391,0.4781,3.3107,1.0
-3.9603,-2.57,1.6314,3.9345,-1.5581,0.2637,1.1248,1.9586,-3.6899,-2.5688,4.0
-3.0541,-3.6237,5.6216,4.8369,-4.2364,-1.0968,4.4062,4.4434,-1.6322,-2.8817,4.0
3.9576,-3.0945,-6.3825,6.3108,-4.1191,0.7856,0.4606,2.4504,-4.0048,-1.6999,0.0
-6.6267,-7.4454,0.8352,1.2096,-1.9842,-0.8016,3.3017,3.0509,-5.4517,-4.9892,4.0
2.122,-1.8225,0.7119,-2.1118,-4.9273,1.003,4.39,-2.9981,4.0178,2.3692,2.0
2.7983,-2.4824,4.2209,-3.2895,-3.899,2.122,-3.2079,2.9307,-3.7233,1.8904,3.0
-3.046,-3.8177,0.4655,3.3948,-3.6814,0.6656,4.5776,5.5277,-5.3767,-4.0647,4.0
1.6367,-1.9613,1.6578,-3.5273,-0.6767,-0.2756,2.0239,-3.3576,-0.0951,3.905,2.0
2.1993,-4.2293,2.2709,0.5135,-6.4349,-1.7097,4.6345,0.7126,7.0138,1.7497,2.0
-2.806,5.4385,-2.9742,4.2435,2.4841,0.3492,-3.8802,1.6013,3.1581,1.9232,1.0
-2.4528,1.5139,-2.9303,-1.7894,6.0985,1.8854,-2.9108,3.0953,1.5765,6.4576,1.0
2.5237,-3.2376,5.1735,-3.4161,-2.4347,0.2095,-4.5265,4.1257,-3.4129,3.9413,3.0
4.7324,-1.7488,3.8469,-2.4808,-5.7657,-0.7505,-4.6016,3.3697,-4.0319,1.7847,3.0
0.7575,-5.8939,-6.0676,2.9075,-3.6845,0.3214,2.6061,1.2027,-2.3813,-4.6735,0.0
-2.9684,3.9562,-3.6218,2.7909,3.3051,2.0042,-4.2351,1.683,4.0232,4.4462,1.0
3.6677,-2.5331,2.4871,-2.5507,-4.2274,-1.0098,-2.4837,1.5212,-4.5649,4.2464,3.0
6.9862,-3.4443,2.8711,-3.2894,-7.0891,-0.2413,7.3216,-6.3087,2.6073,3.4789,2.0
-2.5268,1.0848,-1.2167,1.4822,2.5463,0.1708,-6.5746,5.1159,1.9321,6.3602,1.0
4.5854,-5.3917,4.2573,-2.7576,-3.6604,-0.894,-4.1721,2.3376,-3.4804,2.2788,3.0
5.8888,-3.2573,1.7643,-3.1178,-6.3544,0.126,5.7168,-4.9998,4.6512,3.1154,2.0
4.3349,-2.071,-0.0241,1.293,-4.2396,-1.4065,3.872,2.9707,-0.1031,-3.6545,0.0
-2.69,0.9099,-3.4691,2.0625,6.0551,0.5212,0.3971,4.1261,4.5634,3.6359,1.0
-0.1273,-3.1421,3.897,-3.2566,-3.4829,0.486,2.0263,-1.1761,5.1748,2.8813,2.0
-3.3081,3.1167,-4.1117,1.3884,4.1583,0.1879,-4.8152,5.2918,0.819,2.3581,1.0
-3.5915,-5.835,4.1968,2.3019,-6.595,0.0718,5.4691,2.6977,-3.6565,-0.7249,4.0
2.2765,-0.2263,1.5577,0.8037,-1.6874,-1.0056,7.635,3.2598,-1.7802,-3.982,0.0
-3.6192,4.6159,-2.4883,4.5579,1.7469,1.0431,-3.1281,2.3625,3.096,2.6299,1.0
3.7452,-4.4445,5.2247,-2.0181,-2.5511,1.5014,6.0255,-3.2546,1.7276,1.0352,2.0
-3.7894,5.1463,-4.2206,4.281,2.9775,-0.572,-2.09,1.4041,2.8506,2.5428,1.0
6.0123,-2.1533,-4.7577,3.4486,-1.7166,-0.0023,3.2618,3.9189,-6.486,-1.8386,0.0
-1.303,-3.8061,-2.7038,-0.554,-2.555,-1.0734,6.6372,0.3458,-6.1811,-6.4432,0.0
3.5816,-2.7195,-1.9102,2.5911,-5.4664,0.5988,1.4279,2.4585,-3.4499,-4.3701,0.0
7.6177,-4.966,3.8551,-3.2552,-4.33,-1.0739,5.9146,-6.424,1.985,1.6057,2.0
4.6722,-1.7609,1.1868,-4.7936,-4.6572,1.5221,4.7229,-6.2714,1.6658,3.8648,2.0
-0.4713,-2.3084,-2.4723,1.2408,-3.4005,-0.4463,5.0098,-0.0006,-3.6715,-5.1336,0.0
3.5731,-2.9516,4.0909,-5.3901,0.4567,-0.5461,2.1553,-5.7189,1.7413,2.4501,2.0
4.7771,-4.1845,2.1185,-2.8435,-1.8936,-0.9868,-1.1954,3.6127,-3.3404,1.5713,3.0
-2.0756,-0.831,2.0727,5.3402,-1.6446,-0.9359,1.5416,4.4546,-2.8773,-4.8717,4.0
4.2516,-3.2556,-1.8063,3.9602,-3.0575,-0.2626,3.7126,5.3086,-2.4303,-3.0802,0.0
-2.211,2.671,-1.7818,1.7493,3.9418,-1.3472,-4.3588,3.8487,3.6379,3.4713,1.0
-5.9086,7.2455,-3.5807,7.1696,2.926,-0.1736,-3.5053,3.6473,3.2008,-1.0072,1.0
-3.1091,1.7224,-3.3356,2.2016,4.0826,0.0057,-6.6375,5.3431,2.8966,4.6405,1.0
2.2125,-0.9762,-2.1731,2.2536,-0.7004,0.7216,6.6252,2.6464,-2.6525,-3.173,0.0
-2.3213,2.3946,-1.5464,-0.0944,4.5503,0.5882,-4.7991,2.9329,1.3058,5.7904,1.0
-2.4883,-0.236,-1.7832,4.7394,4.223,-0.2291,-5.2736,7.0293,4.7658,4.8818,1.0
2.414,-4.206,5.2854,-2.6202,-3.3634,1.8999,-5.0715,2.6694,-2.9366,0.975,3.0
-4.7003,-5.847,4.8963,0.8325,-8.2934,-1.6299,4.7222,1.441,-3.1578,-1.0602,4.0
6.7238,-3.6487,-6.4236,4.2785,-4.9012,-0.1312,-1.1927,2.6815,-9.5749,-1.6726,0.0
4.7807,-1.5628,0.0739,-5.2134,-4.9745,-0.2211,-1.4333,4.6892,-0.455,10.0995,3.0
-2.332,-2.8892,4.419,2.307,-5.1579,-0.1976,4.0211,2.4893,-2.8462,-2.0243,4.0
2.0475,-4.7747,3.2249,-3.2356,-3.43,-0.1812,-5.0671,4.5291,-4.1235,0.3964,3.0
1.8357,-3.7392,1.1437,0.2421,-7.6848,1.4052,5.3318,-0.845,2.6609,-0.7308,2.0
4.0587,-0.1727,3.2732,-4.9993,-4.5567,0.7377,6.8414,-6.952,2.2349,3.886,2.0
0.3773,-1.9342,5.2855,-0.1885,-2.8861,1.6582,-7.7234,3.7812,-2.7693,0.0085,3.0
-2.0942,-1.0346,3.2334,2.3845,-2.5576,1.6002,2.3738,2.3032,-3.686,-2.807,4.0
2.8982,-3.1452,-1.3831,1.9186,-3.9841,-1.5131,4.3435,3.8309,-2.9027,-3.9062,0.0
5.3796,-2.4813,3.8978,-3.1826,-2.4727,0.6317,-1.5884,4.6974,-8.016,1.2363,3.0
3.0754,-3.3626,7.0979,-5.2612,-3.3808,-0.2073,3.0747,-3.8151,3.9939,5.4965,2.0
-0.4778,-1.321,-5.0304,0.5628,-1.16,-2.6637,5.8184,-1.6737,-5.5751,-5.1304,0.0
4.1968,-4.6468,7.0699,-3.7976,-2.6799,1.7393,-4.3874,2.6992,-3.9644,2.0827,3.0
1.0771,-4.1289,3.3089,-3.1016,-3.4579,-1.7504,-3.8291,0.3414,0.7014,6.6909,3.0
6.1166,-5.5208,0.7766,-2.3258,-5.2321,-2.8842,-3.3195,1.3005,-0.635,3.0237,3.0
5.8278,-3.9953,3.0865,-4.5429,-3.6596,1.3417,3.4786,-5.8029,4.0548,3.046,2.0
-2.8314,3.3552,-3.4943,2.3177,3.4828,-1.4576,-6.3914,2.7255,3.627,4.8734,1.0
-1.9872,-0.0527,2.628,4.0442,-2.8702,2.4062,4.3059,4.493,-4.6093,-3.0273,4.0
2.2825,-2.9943,4.6262,-2.9382,-8.1077,-1.2349,6.4146,-2.5238,8.2232,3.8567,2.0
-6.6016,-5.3409,3.4725,3.8903,-2.5256,-0.1718,2.9825,3.7828,-3.4515,-5.0499,4.0
-2.3354,3.5529,-7.6786,4.0169,5.4146,-1.1106,1.281,0.8092,6.0171,1.5622,1.0
-3.8047,4.0791,-5.8585,3.9874,3.0864,0.5218,-3.6158,2.9943,2.976,2.9839,1.0
1.8684,-2.1709,5.3865,-5.2776,-4.9918,-0.4794,-5.0112,5.1654,-4.6481,2.6424,3.0
5.2255,-5.3882,3.773,-3.1627,-6.668,-1.1648,3.4398,-3.9141,5.1851,1.9053,2.0
-1.356,2.29,-3.5481,0.5281,-1.0878,-1.6704,-4.3638,2.9371,0.7395,4.2169,1.0
-3.6078,-6.9622,3.8888,3.1708,-1.8417,0.9714,2.3502,1.923,-1.6483,-2.1774,4.0
-2.1991,-1.1041,1.9252,5.7212,-4.3369,0.4757,4.4132,5.7659,-3.5593,-3.4228,4.0
3.1087,-2.7528,1.7073,-3.2452,-2.1967,1.3963,3.3923,-4.0366,-0.0192,1.835,2.0
7.6172,-5.5296,0.8843,-3.0846,-3.5765,2.0155,-2.1196,3.4078,-3.6006,3.2636,3.0
5.5535,-3.9983,3.3832,-1.7728,-6.1093,0.1904,5.334,-3.2157,0.5502,3.0736,2.0
8.663,-5.7809,-3.1664,6.695,-6.8365,0.2494,-1.6925,8.2248,0.3992,-1.1092,0.0
-2.2506,2.7517,-4.159,2.046,2.6139,0.5776,-5.4314,3.8182,1.3533,3.9101,1.0
-5.0347,5.8132,-2.6183,1.8814,6.879,-0.7288,-4.7625,3.0041,1.9751,2.7642,1.0
2.5466,-2.0886,0.6773,-1.4432,-5.0406,-0.1095,5.4871,-2.8353,2.9017,2.1283,2.0
2.0635,-5.6538,0.9158,-2.6893,-3.3459,0.0162,-5.0403,4.371,-1.6974,0.7326,3.0
-3.4583,-2.0603,7.7101,3.3622,-5.2001,-0.1758,2.7017,2.4413,-0.6834,-2.883,4.0
1.056,-1.6156,5.0417,-1.7281,-1.978,-0.3672,-5.0634,3.4025,-2.9534,2.7467,3.0
-2.451,-3.7651,1.8669,4.9764,-1.6697,2.2332,2.9691,3.4185,-3.3852,-2.2367,4.0
6.0216,-2.6883,2.414,-5.2358,-3.4833,-0.8909,3.7152,-6.2442,4.6248,4.2423,2.0
1.8542,-3.0525,0.596,-0.9226,-4.1936,0.5528,3.5188,-1.6621,3.2846,1.3216,2.0
2.8414,1.0209,3.592,-3.2615,-4.2594,-0.1939,-4.4518,6.1649,-4.0533,5.2931,3.0
-3.7909,-7.1631,1.8036,3.8363,-0.714,0.993,3.2363,4.5663,-3.7121,-5.1197,4.0
1.902,-4.6901,-3.8553,2.4011,-0.9348,-0.0724,6.3147,5.2266,-5.493,-5.4335,0.0
3.345,-3.9206,2.5715,-3.1713,-2.8326,0.7988,-2.6323,3.4436,-4.0232,2.0515,3.0
-4.7207,-7.1989,2.5573,2.7793,-2.904,-1.1881,4.7611,3.7609,-4.2963,-2.5669,4.0
-2.791,-2.6455,4.6016,2.8227,-3.5489,2.5695,4.4227,3.5555,-3.1673,-3.4051,4.0
-2.191,2.1987,-1.9317,1.3913,3.0172,-0.7298,-2.737,2.509,3.0279,5.3522,1.0
-3.0666,-2.9008,2.1295,3.4481,-3.1695,-0.5807,2.671,3.3724,-3.5533,-3.6706,4.0
-0.9485,-4.503,-3.8948,3.7865,-2.1614,0.978,5.9407,2.7944,-1.5805,-5.1254,0.0
1.9112,-0.2547,4.8407,-5.6842,1.2371,0.102,2.5554,-4.7634,2.5943,5.9276,2.0
-2.035,-1.5809,-1.5608,-4.3095,-4.5995,0.084,-1.4632,2.0369,0.0025,6.5964,3.0
6.1527,-4.9919,-2.3428,1.0357,-7.4881,0.0091,-0.733,3.2774,-4.815,-3.6161,0.0
-3.335,-0.8558,4.3093,2.0692,-4.4828,0.447,3.8381,2.1093,-3.7423,-2.3132,4.0
4.2571,-4.2561,0.6456,-1.1167,-2.1724,0.269,4.0142,-3.2253,0.5717,0.5936,2.0
4.9471,-3.8339,5.5531,-3.5897,-4.3712,-0.3395,5.5936,-4.0247,3.8334,5.0151,2.0
7.7905,-4.1174,3.8254,-3.1086,-1.7364,-2.5891,-1.9666,4.5192,-6.3546,2.9559,3.0
-1.2184,3.4562,-2.4686,-0.6976,4.2465,-0.928,-6.5462,0.6329,1.9527,7.0041,1.0
4.1743,-1.3751,-1.3523,0.9,-2.3109,-0.4303,5.3638,2.8941,-3.1977,-2.5308,0.0
3.892,-2.1838,4.4554,-2.9709,-5.0297,0.1351,-7.3818,6.3694,-3.0093,2.3096,3.0
2.1597,-2.1573,2.625,-1.2209,-3.6465,-1.7384,4.6771,-1.7611,-0.157,2.3024,2.0
0.8588,-2.1472,3.7804,-4.7417,-6.5543,-0.7772,2.6377,-3.0469,6.0845,4.6509,2.0
2.2681,-4.0239,-2.843,1.3288,-3.9571,0.5461,4.1931,2.6023,-1.6808,-4.2423,0.0
1.0339,-2.9143,4.6617,-1.6453,-2.3008,-0.5425,2.7405,-0.595,1.5961,1.7418,2.0
2.2268,-4.4917,4.4988,-2.5047,-3.7788,-1.7535,3.7674,-2.6709,3.444,2.5643,2.0
-1.619,1.037,-4.9226,3.8439,2.6997,-0.2401,-3.9093,4.9339,7.4096,2.4634,1.0
-5.4493,-5.5713,-1.6131,3.5434,-1.7086,0.5635,2.9105,3.5193,-6.3582,-3.1397,4.0
0.4119,-1.9945,-3.7543,2.9558,0.019,-2.0544,8.2029,2.1719,-1.236,-2.8774,0.0
2.3467,-3.668,7.4288,-3.2967,-3.2891,0.2729,-8.174,6.0281,-4.4968,1.6134,3.0
0.4071,-2.2581,-6.0343,2.6874,-4.4664,-0.7861,0.7909,-3.1249,-5.3828,-4.3801,0.0
-5.3461,4.7322,-3.1919,4.2102,3.9253,0.5256,-3.1374,4.332,2.4001,1.6517,1.0
1.4996,-0.9496,1.496,-2.8957,-4.0319,0.4398,-3.5,3.1149,-1.2392,6.3235,3.0
2.4212,-4.4943,1.864,-2.3929,-8.1024,-0.0862,1.9596,1.9028,-2.7058,-6.5648,0.0
4.4632,-4.5498,-4.5314,4.6111,-3.4945,0.217,3.2876,4.3135,-0.8391,-1.1829,0.0
2.4104,-1.1724,5.4004,-4.6738,-3.9514,1.1819,-1.5846,2.5784,-5.4028,3.4842,3.0
2.9748,-2.5415,3.2054,-4.7422,-1.6292,0.8133,1.275,-4.9558,1.8219,1.6851,2.0
-1.2309,-1.1521,0.4393,-2.4577,-3.422,1.2942,-1.8426,2.7637,-5.3241,0.3089,3.0
4.3647,-2.3794,1.9976,-3.8411,-3.7891,0.0398,0.3355,2.8818,-6.994,1.0949,3.0
4.7154,-3.6017,0.758,-2.1948,-6.7389,-2.117,5.1014,-3.4296,1.8227,3.9687,2.0
2.2734,-0.7892,6.563,-1.121,-2.2776,-1.9336,-5.702,3.1611,-3.6936,3.0239,1.0
6.1522,-3.2864,5.5513,-1.9594,-2.6518,-1.2574,-3.4049,1.9719,-4.0353,4.6925,3.0
3.9026,-2.8193,-2.7765,4.215,-0.9709,0.3252,5.7368,5.461,-4.3798,-2.1506,0.0
3.1341,-2.1323,2.9077,-5.3767,-5.3764,-0.7954,-3.7038,4.5848,-2.3266,8.2991,3.0
-0.285,-0.4318,6.14,-1.9368,-5.7786,0.7534,-6.9391,1.7585,-3.4591,2.9568,3.0
4.1314,-2.4328,-3.0955,4.7346,-1.9182,-0.5949,5.0583,5.0918,-3.3279,-1.3824,0.0
4.4067,-5.5329,2.6882,-2.2482,-2.1626,0.7969,1.8726,-2.9886,-1.0273,1.7546,3.0
3.2627,-5.0574,-4.1458,3.2832,-6.1166,1.2282,1.0488,2.3008,0.0466,-3.2407,0.0
3.8819,-4.394,-3.1431,3.7932,-5.3116,-0.8818,1.1465,3.5138,-3.8004,-3.3989,0.0
2.0821,-3.3533,1.547,-4.1502,-2.165,-0.2762,-3.0142,5.6152,-1.6506,4.6116,3.0
-2.4506,0.693,-3.9704,5.3716,1.7957,-0.3308,-4.3959,4.9911,6.0489,3.873,1.0
1.5938,-4.98,-5.4562,2.5452,-3.4463,-0.4785,4.0005,2.4229,-4.6432,-3.4564,0.0
3.7592,-0.2794,-0.1299,3.7666,-3.3526,-0.7935,3.222,2.739,0.558,-4.2343,0.0
0.3386,-1.255,-3.7199,3.6599,-1.2171,-0.8325,4.9826,0.8771,-6.1093,-4.3407,0.0
4.9575,-5.2017,5.6406,-3.6637,-5.3703,0.9635,-6.7525,3.6528,-1.3574,3.1231,3.0
3.7717,-3.7255,-3.7474,4.0411,-3.3827,-0.9976,2.9343,3.7416,0.1941,-2.7998,0.0
4.8566,-2.7327,-2.4962,5.7783,-3.6843,-0.9475,2.1329,4.9621,-1.0676,-2.2197,0.0
-2.5962,-3.176,1.829,3.5942,-0.086,-0.4838,1.2773,1.9742,-3.3622,-2.9259,4.0
4.7696,-4.1467,3.014,-3.9314,-1.7593,-0.3931,1.6431,-4.022,2.6111,3.0606,2.0
3.5486,-1.944,4.2266,-5.472,-5.1833,-1.6719,4.0146,-5.7426,4.5109,4.0919,2.0
4.154,-1.0264,2.1543,-3.2272,-3.7178,1.6208,-0.7274,1.4451,-4.3548,7.4742,3.0
-2.7757,3.0803,-2.4532,4.6004,3.6824,-0.9195,-4.9729,4.1911,3.9136,2.5498,1.0
5.3191,-2.1016,6.4441,-7.4507,-0.7348,-0.8892,2.354,-7.257,4.6596,5.3667,2.0
-3.4644,-3.9232,2.6669,3.5353,-1.8377,-2.0034,3.884,3.9634,-3.7933,-3.6338,4.0
5.021,-5.3659,4.3214,-5.7722,-6.0808,0.5715,-2.8372,1.0035,-2.8432,6.2366,3.0
4.8704,-5.2085,3.9818,-1.7238,-3.9156,1.896,3.8487,-2.3234,4.0531,2.7715,2.0
3.2221,-2.9695,-0.547,-3.6067,-3.9752,-0.3785,-1.3811,4.1117,-4.187,2.8803,3.0
2.8376,-5.1131,-5.3998,4.545,-2.4455,0.7082,3.7645,4.4419,-4.9767,-2.8923,0.0
-2.9694,-2.6296,3.4126,0.726,-3.3418,-1.0382,2.1945,0.9347,-3.7298,-2.5791,4.0
0.73,-2.3423,-3.4755,2.8637,-3.1403,0.0878,3.9999,1.0438,-5.4447,-4.9898,0.0
-3.8191,2.2397,-1.8048,-1.4171,6.8249,1.1231,-0.8611,3.337,2.2911,5.4009,1.0
1.6076,-3.5442,-4.0218,4.4989,-2.6914,0.859,4.3217,3.3902,-1.3186,-3.6173,0.0
-1.7294,-0.6038,5.7671,-4.2271,-1.4966,-0.7486,1.5092,-0.8767,3.1272,5.4537,2.0
-2.8991,5.5256,-4.6371,4.1282,3.3029,-0.166,-4.2037,1.3283,3.4372,1.3778,1.0
0.895,-2.4984,-0.6679,0.9834,-1.6654,0.0004,7.6496,3.6306,-1.1561,-5.5974,0.0
2.0304,-0.525,3.1291,-5.105,-4.2362,1.7319,4.9598,-4.9607,3.1146,6.3281,2.0
2.7768,-3.2151,3.249,-3.8417,-5.4004,-0.6858,3.0709,-3.7901,2.0938,2.3118,2.0
-3.1923,1.3294,-4.8619,0.1192,6.9204,-1.2107,-0.7317,2.7169,4.5538,6.006,1.0
-3.2517,1.4666,-3.1508,2.1784,4.9143,0.291,-3.297,4.7669,3.5027,4.9843,1.0
3.7328,-3.5444,0.0764,-2.3195,-2.2744,-0.3394,-0.9559,1.522,-2.9452,5.7386,3.0
-2.8817,4.4665,-1.4843,2.9324,-0.6562,1.3858,-7.4836,3.5975,-0.6424,3.338,1.0
5.0001,-3.4836,2.96,-3.5827,-3.6514,-0.8503,-3.8495,4.3052,-1.6731,5.1732,3.0
6.3202,-4.6534,3.5631,-2.969,-1.0287,-0.8157,-1.2214,2.6997,-3.5268,3.7069,3.0
-4.2295,3.0215,-3.1986,3.81,6.5043,0.4613,1.7256,3.098,5.7612,2.8596,1.0
-2.8029,3.8266,-5.2447,3.2161,3.4357,1.1866,-2.9695,1.7505,4.2984,2.5137,1.0
-3.6849,5.081,-4.4535,3.0294,6.4328,-2.1017,-1.1336,2.4948,3.5203,0.8882,1.0
6.6383,-3.8381,7.2484,-3.4166,-4.1547,0.0604,-5.6277,3.0607,-3.1646,3.7547,3.0
1.7256,-0.4494,2.8465,-6.906,-4.9761,0.7821,2.9056,-6.0952,10.3754,4.043,2.0
1.5988,-2.3557,3.2319,-4.3504,-5.0959,-0.7184,4.3251,-4.0143,4.9416,3.4051,2.0
3.7742,-4.0604,2.3943,-3.4961,-3.1678,0.3144,3.557,-3.9886,1.4674,2.5886,2.0
-3.0548,4.0821,-1.9527,4.132,-0.0144,-0.2499,-4.2751,2.4503,2.9111,3.4847,1.0
1.4897,-4.5945,-0.0075,1.2235,-8.7544,1.3659,5.3472,0.9577,6.8456,1.0899,2.0
-2.9457,2.9878,-4.1404,0.3668,2.9731,0.7422,-3.1549,2.7248,0.2855,4.3194,1.0
0.539,-4.3105,5.5228,-4.9976,-3.2756,-2.4243,-6.32,5.0538,-2.0393,4.5926,3.0
4.8867,-6.5453,4.4264,-4.3509,-3.4563,0.0842,-3.2584,2.0945,-2.5742,2.5516,3.0
-3.4266,-3.7956,-1.0096,3.6998,-1.086,0.2201,2.8345,4.6255,-5.2603,-4.6675,4.0
4.7208,0.6629,0.1869,-3.558,-5.8712,-1.4506,0.2597,3.3142,-6.2699,4.0246,3.0
2.8185,-3.2754,5.1174,-3.1279,-3.0586,-0.9233,-5.5758,4.847,-3.0544,2.2798,3.0
-1.831,-0.38,2.9061,4.0881,-6.2583,0.1569,5.044,4.497,-4.2331,-2.6021,4.0
2.3953,-2.9347,5.5596,-7.1282,3.0462,0.6691,-2.61,-4.1082,2.6567,6.3385,2.0
-4.3212,2.8086,-2.76,3.761,6.5817,1.638,-4.7789,5.8818,3.2977,3.1494,2.0
-4.1019,-4.2008,1.5485,4.0824,-4.9086,-1.5061,4.1124,4.6015,-4.4079,-3.702,4.0
-3.9999,4.5894,-3.5829,0.9429,4.1943,-0.2876,-5.3323,3.708,2.4646,2.7468,1.0
-4.9239,3.8841,-1.2113,4.2134,1.8369,0.4408,-5.5039,5.9634,0.9771,2.5092,1.0
4.6398,-3.7173,2.0465,-2.8661,-4.3883,-0.1242,4.6112,-4.144,1.374,2.4704,2.0
6.233,-3.7755,-3.5448,5.809,-3.6103,-1.066,1.4725,5.6546,-1.4603,-1.7066,0.0
-3.486,1.7819,-2.2718,2.1079,4.0468,1.0185,-1.0211,5.3331,2.3925,2.5524,1.0
0.3945,-3.6869,-3.843,4.057,-0.8737,-1.8386,6.6901,4.5593,-7.7071,-5.2346,0.0
5.6996,-2.1258,-1.7522,3.5159,-3.1196,0.915,2.9325,4.5455,-3.9072,-2.2127,0.0
-2.865,3.1839,-2.8157,3.6206,2.5932,-2.0391,-6.7194,4.315,3.7101,3.7374,1.0
4.7991,-1.4266,-3.0018,5.48,-2.8164,-0.3747,2.2079,3.2523,-1.9928,-1.6199,0.0
-5.4711,5.6795,-0.3798,5.8759,1.9944,-0.2127,-3.1413,4.182,-0.4795,1.4106,1.0
-0.3261,-1.3601,3.5126,-0.9351,-3.8954,0.4383,4.5704,0.1104,4.6051,3.0601,2.0
-4.4743,2.2467,-3.0407,3.8656,7.2815,0.4291,1.8257,4.2668,5.2726,2.6322,1.0
4.3948,-0.8215,2.1911,-4.2463,-5.6526,-1.3436,-2.1401,3.703,-6.8559,3.7262,3.0
2.2123,-2.7785,-2.7664,3.1114,-1.9465,-1.3544,5.277,3.6369,-4.9812,-3.9915,0.0
-0.0151,-3.5593,-5.8194,3.334,-0.5983,0.0601,5.9009,2.0709,-6.6972,-4.8552,0.0
-2.3515,3.7915,-4.5862,4.1065,0.6254,-1.3634,-3.2299,2.089,4.2743,3.2056,1.0
-1.5491,1.2588,-1.1831,-1.2941,4.1552,-0.3983,-5.3418,2.764,1.9158,6.9563,1.0
4.0497,-3.2763,4.1158,-3.171,-4.1803,-1.4856,-5.3255,5.0625,-3.3741,2.5598,3.0
3.4996,-1.3318,7.2081,-3.0916,-4.5692,0.9037,-4.8967,2.2906,-3.5165,3.6809,3.0
-4.6185,5.8402,-2.923,5.7444,2.0471,0.31,-0.6108,1.0355,2.808,2.3704,1.0
6.7485,-2.5906,4.4675,-6.052,-4.2548,-0.001,-1.5265,4.077,-5.4637,7.7629,3.0
-4.6407,-5.5955,-0.7195,2.68,-2.4051,-0.3157,4.1184,4.6462,-6.3134,-3.3352,4.0
2.7764,-0.8189,7.0638,-6.768,-3.4799,-0.062,2.9159,-5.2998,4.3783,6.6092,2.0
3.5227,-5.2459,1.7692,-3.2662,-3.5873,0.1851,-3.2059,2.1142,-1.9098,2.9646,3.0
4.7763,-6.2667,7.248,-1.2745,-1.8835,-0.1833,-5.6831,0.9772,-1.6944,1.8882,3.0
-4.4361,-1.1357,3.4461,5.744,-4.9164,0.8318,3.5343,4.3517,-3.3016,-3.3288,4.0
5.444,-4.6727,7.6946,-4.3379,-3.8765,1.3484,-4.2514,2.795,-4.6881,1.6345,3.0
1.7476,-1.9511,-2.5654,-0.2661,-1.728,-1.3942,6.1576,1.2126,-5.1163,-4.5271,0.0
4.6173,-3.7527,-3.0062,5.3914,-3.1918,-0.0126,3.8805,6.4052,1.6544,-2.2654,0.0
1.3798,-5.4039,1.3111,-3.0513,-3.3689,0.1053,-0.6312,-0.229,8.4052,4.1398,2.0
-4.9419,-4.6219,1.8579,2.9318,-1.9754,0.1239,2.734,3.7494,-4.0181,-5.7743,4.0
-3.1983,-4.3494,8.3944,3.2086,-4.7914,-0.8718,3.2262,1.5876,-0.2616,-2.5448,4.0
-4.5394,4.0084,-3.5587,4.981,3.7657,0.0043,-4.665,3.0435,3.2031,4.111,1.0
-4.0556,4.2823,-2.7476,1.5749,6.8168,-0.8578,-4.7833,3.3255,1.0111,3.8739,1.0
-3.4786,-5.1753,6.7346,0.4038,-5.9823,0.3085,3.6854,-0.1477,-1.7287,-0.9594,4.0
3.6345,-1.8551,3.9347,-5.9932,-3.951,-0.434,3.9869,-6.6841,1.5705,3.6348,2.0
0.6969,-1.6051,4.8506,-5.89,-3.2161,-0.4005,1.2929,-2.5761,5.6081,6.7611,2.0
2.6706,-2.6655,4.1828,-7.0416,-3.5222,1.2605,-1.1158,3.3641,-3.2731,9.4161,3.0
1.5618,-4.4305,4.0468,-4.3435,-3.3712,-0.1488,-3.9459,2.865,-1.8412,4.1901,3.0
-4.0948,-5.7276,2.0833,4.8635,-3.6256,0.4461,4.5835,4.4497,-3.9233,-2.1152,4.0
-0.7753,-2.7042,2.2663,-2.3532,-2.3389,-0.5714,-4.6636,3.6273,-1.7169,1.9736,3.0
0.9048,-3.6334,-3.1552,2.9544,-1.3927,2.3531,6.216,3.8941,-3.6241,-5.2658,0.0
-5.2146,-2.1057,7.2142,-0.8656,-4.5255,-0.8628,2.4322,-0.5367,-2.9555,-3.7194,4.0
4.351,-4.1556,3.285,-2.0041,-1.467,-1.1618,3.7011,-2.8071,0.3896,2.4908,2.0
3.3367,-2.3007,2.7913,-1.8084,-1.4784,0.9544,-2.2964,3.4129,-4.1254,3.1261,3.0
4.6042,-2.4891,2.1473,-3.1713,-3.2464,-0.5714,3.1629,-3.9336,0.8018,4.2226,2.0
-4.8449,-3.8386,4.8319,2.54,-3.1501,1.2204,2.8159,2.1708,-3.1929,-3.6482,4.0
2.9673,-4.1767,-3.9744,2.4191,-1.7827,-0.2873,5.572,4.2321,-5.7754,-2.945,0.0
-3.3165,4.0215,-4.0688,4.7473,4.4481,0.4907,-4.4276,2.7936,4.9153,2.865,1.0
3.3568,-5.1844,0.0662,-0.633,-3.3352,0.2422,-2.8102,-1.2185,0.161,3.6413,3.0
6.2771,-4.7614,-0.366,2.4109,-5.1276,1.9311,3.8427,7.7208,-0.3768,-2.2031,0.0
4.0982,-3.984,2.2986,-2.466,-7.8131,0.3762,5.9269,-4.0149,4.283,1.8235,2.0
1.4523,-3.3959,3.5636,-2.2103,-2.1146,0.3259,-3.92,4.4096,-3.9037,-0.4463,3.0
3.5204,-1.2576,4.1476,-6.3809,-3.3,0.6443,3.1307,-6.6599,5.0698,3.333,2.0
-3.7774,-5.3412,2.5947,4.9339,-0.7394,1.886,2.7141,5.5653,-2.772,-6.8403,4.0
2.3985,-3.2543,-3.2382,3.6895,-4.5626,1.5186,2.5748,1.7289,-0.514,-2.6205,0.0
2.5347,-2.495,4.205,-5.2039,-3.6666,1.4683,2.6774,-4.7446,4.6271,3.7687,2.0
1.9965,-2.1428,2.1465,-3.6762,-2.4107,-0.1416,2.5643,-3.4306,2.7804,3.4526,2.0
4.2922,-2.0895,2.4889,-4.8416,-3.5216,-0.3779,4.834,-6.6763,1.2443,3.2352,2.0
3.3718,-0.7115,3.0433,-2.4026,-1.9348,-1.9211,-3.5219,5.962,-3.6609,3.6622,3.0
0.2715,-2.3379,6.0908,-4.9242,-1.9851,-1.1135,1.0993,-1.2725,7.7711,7.1349,2.0
-3.8553,-4.2595,3.1247,3.455,-3.6938,0.4883,3.6798,3.8524,-3.6073,-3.6828,4.0
1.0884,-3.2659,2.9074,-2.7206,-2.2267,0.0695,-4.2943,4.2461,-4.4145,2.1707,3.0
-6.151,5.6956,-1.5297,8.3644,1.7938,1.2314,-2.6526,5.6842,0.9198,-0.6795,1.0
0.834,-4.5468,-3.596,1.6601,-5.2641,-0.9775,2.606,0.8251,-3.0536,-4.961,0.0
2.7729,-2.8361,2.7028,-2.6413,-3.1447,-2.1029,4.5298,-3.191,0.9085,2.9572,2.0
-5.675,5.766,-1.8191,4.5627,3.2663,0.7388,-1.3829,2.2134,0.0185,3.2127,1.0
-2.9069,-0.3419,7.3593,1.3597,-7.1448,0.5593,2.5163,0.7635,-1.2071,-3.1968,4.0
2.5262,-3.1736,4.2417,-2.5421,-2.6516,0.1418,-4.3101,3.5476,-3.0156,1.856,3.0
-1.4101,1.2778,-3.0666,1.2634,1.3954,0.3273,-7.327,4.1699,-0.2144,6.2351,1.0
0.6259,-3.8859,-3.9262,6.1575,-3.1811,-1.1167,2.8973,3.6994,-3.8087,-5.0812,0.0
4.8261,-0.5171,6.6766,-4.4943,-5.2893,-1.0765,-4.3659,5.0653,-4.5867,3.3706,3.0
3.3613,-3.9174,5.1582,0.941,-3.7592,0.3027,-7.731,1.6669,-1.989,-0.8794,3.0
4.3617,-3.4357,-1.5049,0.605,-4.7518,1.0357,3.6387,3.7169,-2.732,-3.4565,0.0
-4.1336,5.4409,-3.0306,3.7202,4.3484,0.0729,-0.2279,1.2913,2.5111,1.942,1.0
2.6799,-2.6971,-4.0404,6.8347,-2.7011,-0.2388,2.8452,4.408,-1.5375,-3.2949,0.0
-0.5053,-3.3515,-4.1202,1.4271,-2.6195,-0.5925,4.7029,0.3571,-7.053,-6.2598,0.0
4.187,-5.1236,1.2152,-2.1798,-1.0358,-0.8712,1.844,-2.8884,0.4437,1.8714,2.0
1.9806,-2.8162,4.4379,-4.1002,-3.3178,0.97,2.0939,-2.8507,3.2577,4.1147,2.0
2.5988,-3.4145,4.3495,-4.4041,-1.3216,-2.0107,-2.9927,5.1485,-3.6942,3.8097,3.0
1.6023,-2.1579,4.5468,-3.9323,-3.6351,-1.2835,-5.2058,6.6406,-4.9641,0.8118,3.0
-1.4237,-3.1048,-1.3055,1.1491,-2.2227,-0.2001,7.755,1.8811,0.9406,-5.8176,0.0
-1.7715,0.4791,-3.5187,5.1399,1.1333,-0.2365,-5.5117,4.945,6.8448,4.5193,1.0
6.6994,-4.2447,-0.1154,3.7532,-5.431,-0.6612,2.6774,7.973,4.4899,-2.0381,0.0
4.7645,-1.1415,4.5236,-5.7112,-3.06,0.2618,4.3119,-6.4758,4.6263,4.9205,0.0
6.6653,-4.7196,-0.5947,2.9516,-4.9471,2.0204,2.2948,7.0946,0.4803,-3.048,0.0
-4.4937,-5.7774,1.5591,6.9103,-2.451,0.5185,2.8107,5.6693,-3.1237,-4.5576,4.0
4.9408,-2.334,-1.5673,1.3111,-3.3166,0.0535,4.7175,3.4254,2.1136,-2.1383,0.0
1.5226,-5.925,-4.8323,4.0647,-4.2283,-1.2064,3.3771,3.9202,0.6195,-4.3345,0.0
-1.148,3.0157,4.298,3.2323,-3.7194,-0.4431,1.12,1.136,-2.2733,-1.6046,4.0
-2.8511,-2.8666,3.8025,6.6543,-1.7608,1.4553,0.7769,3.449,-1.126,-2.8662,4.0
-1.8718,1.7049,-3.5796,1.4696,5.0211,0.2051,-6.5668,3.721,4.6698,5.5895,1.0
-0.9436,-2.1819,1.3963,4.6692,-2.3258,2.8409,3.071,3.8451,-3.359,-2.6899,4.0
3.4662,-3.9522,1.772,-0.3493,-5.2184,0.1265,5.4099,-1.4086,2.9424,2.2242,2.0
-3.5116,2.5581,-2.1675,5.0016,2.1133,1.0297,-1.1025,3.5316,4.999,3.4182,1.0
-4.7931,-7.7229,1.1469,3.2601,0.2567,1.0911,2.443,3.5882,-3.9822,-5.0492,4.0
3.0055,-1.3078,4.1286,-3.6475,-3.3569,-0.7194,4.8103,-4.1246,2.1183,4.5093,2.0
3.6958,-3.7448,5.3379,-5.0983,-2.3076,0.712,-4.5993,7.6189,-5.6986,3.7655,3.0
-1.6837,-3.9328,1.8494,5.3173,-0.678,0.6456,1.1302,2.9187,-1.9112,-3.2641,4.0
2.5747,-1.6274,-2.159,2.2232,-1.4698,0.6498,5.8981,2.2088,-1.5736,-3.626,0.0
-3.4427,-5.6049,2.5482,6.2166,-2.6416,-1.6029,4.029,6.7568,-2.5105,-5.396,4.0
3.3494,-4.1575,-3.4342,2.3236,-3.4367,-1.3798,3.7809,3.3552,-1.4209,-3.7582,0.0
-5.2861,-5.3166,2.7319,5.1069,-1.7254,-0.3085,2.6131,3.9517,-3.2847,-4.3167,4.0
1.1955,-1.7531,5.5692,-5.8478,-0.2213,-0.2646,0.9518,-3.8587,3.9564,4.4669,2.0
-4.0903,3.7546,-3.4533,2.057,5.6814,-1.2916,-2.3818,4.0814,2.1835,2.3588,1.0
-1.7936,1.2674,-3.9872,6.6107,-0.7618,0.0476,-5.4511,5.3285,6.5872,2.9246,1.0
7.9486,-6.3926,3.1639,-4.1787,-7.207,0.5359,-3.3391,1.0918,-3.2416,1.501,3.0
-2.1607,1.5022,-3.7634,0.7903,2.9639,1.071,-0.7733,2.923,1.6798,5.1109,1.0
1.3094,-1.2632,6.2062,-5.0392,0.4364,0.2034,2.78,-3.518,0.2845,5.3601,2.0
4.3229,-2.6055,-2.4413,0.4576,-3.2473,0.8664,3.7235,2.1076,-5.7603,-3.5589,0.0
-3.5967,-2.1793,4.9365,3.7555,-3.6344,-0.1657,2.7178,3.0958,-2.4125,-4.316,4.0
-4.3915,3.2935,-3.2255,4.4389,3.8996,0.8964,0.5079,2.3903,2.9464,3.9326,1.0
-3.426,-4.4779,2.0479,3.4919,-3.3356,0.4089,4.5325,4.1007,-4.4773,-3.0566,4.0
1.639,-2.0971,3.9295,-6.852,-2.0971,-0.557,-1.3049,-4.5688,4.6589,3.896,2.0
0.3021,-2.5962,-2.7132,2.9416,-2.8446,1.397,4.2874,1.4413,-2.8437,-5.1037,0.0
4.4668,-4.6157,7.3741,-4.4142,-5.7101,0.9093,-6.4462,1.2634,-1.7726,6.7295,3.0
-3.3984,-4.9,-0.0277,3.5769,-1.4019,-0.7877,2.7621,2.8468,-4.6583,-2.326,4.0
4.1602,-2.7768,6.8066,-3.4748,-3.0526,0.1716,-2.7139,1.3934,-4.4969,3.4385,3.0
4.2472,-2.3631,3.3694,-3.9255,-6.2182,1.2615,-4.1142,2.3195,-2.861,5.006,3.0
3.3259,-3.6872,1.7829,-3.3889,-2.0058,-1.6735,1.1065,-3.4822,0.72,2.2618,2.0
-2.3429,-4.3372,2.6337,4.3413,-1.2653,-1.349,2.6435,2.8724,-2.8293,-2.5136,4.0
2.1903,-1.4666,2.7552,-2.2285,-5.1371,-0.0209,6.4472,-3.102,3.5067,3.7917,2.0
-0.0381,-3.288,-4.8918,4.101,-3.4847,0.9559,2.9456,0.0646,-3.8085,-4.5052,0.0
-3.5036,-3.9263,1.9518,6.3133,-0.3307,1.3564,2.1033,5.3658,-2.8159,-5.6106,4.0
-3.7729,4.2136,-4.1813,2.8084,6.3884,1.9907,-1.0305,2.868,4.8188,1.927,1.0
7.7303,-1.3846,-0.914,5.7111,-3.6152,0.3311,1.7694,6.2297,0.5815,-0.4231,0.0
4.0158,-3.8315,-3.6962,2.9298,-2.1567,-0.2001,4.2726,4.4085,-3.8068,-3.1823,0.0
4.8336,-5.2246,1.6557,-1.7704,-9.0044,1.6307,5.6764,-3.1892,5.3532,2.1953,2.0
-5.1846,-4.898,-0.3561,3.2803,-5.4346,0.5389,3.2659,2.9643,-5.7938,-2.593,4.0
-3.0567,-3.4171,4.6341,3.0457,-3.5229,-1.8219,1.7948,2.0153,-1.5826,-3.6447,4.0
-4.8425,4.3354,-0.6449,2.9089,5.5071,0.2555,-4.0871,5.4906,-0.3395,1.9462,1.0
5.1016,-2.3507,4.8258,-5.1526,-3.8456,0.9261,-3.0131,5.0009,-5.0182,6.0816,3.0
-3.2545,-7.1291,5.5234,6.3911,-3.1674,1.1972,5.1756,6.6335,-0.8638,-4.5808,4.0
-1.1404,-1.0756,2.9094,6.5792,-4.1903,-0.8936,4.6083,6.299,-2.9611,-3.8705,4.0
-3.0016,3.0313,-4.224,4.2781,3.2417,-1.2064,-2.0797,2.444,4.3001,3.7326,1.0
3.094,-3.0968,-3.0642,4.2917,-3.18,-0.1783,3.7705,3.9075,-1.0485,-3.3001,0.0
-3.7891,3.4006,-2.7494,2.5237,3.5566,1.303,-5.3467,4.8097,2.1847,3.5516,1.0
-1.3254,-1.2365,4.4878,2.5173,-3.8496,-0.6448,2.8126,2.9937,-2.5118,-3.9074,4.0
-3.9159,5.0391,-3.327,7.1693,1.8805,0.6118,-4.6141,2.9673,4.4973,1.9571,1.0
-3.1314,2.4527,-4.0932,3.4216,4.6938,-0.5601,-3.6287,3.9111,5.207,2.9622,1.0
0.3705,-2.7628,-1.2174,1.3905,-2.7573,-0.4215,6.5217,2.7802,-4.2454,-5.5339,0.0
-1.1816,1.029,-3.8727,0.8614,3.4946,0.9139,-1.9957,2.2689,5.1767,5.6141,1.0
-0.6475,0.5971,-3.3942,2.4279,0.3328,1.4909,-8.6402,3.338,4.819,6.8602,1.0
0.8378,-0.9617,1.481,-5.303,-4.5618,1.1075,-1.5211,3.898,-5.7335,4.9135,3.0
-3.0005,2.7225,-3.592,3.2592,2.6395,0.2289,-5.3556,4.7131,3.1293,3.1952,1.0
6.5985,-2.7986,-2.1616,5.5722,-3.2356,1.2645,3.5155,7.0262,0.0498,-0.9429,0.0
2.5854,-2.3778,1.1494,0.2859,-2.5519,-1.7414,7.6378,5.0768,-0.3686,-4.0072,0.0
-0.7204,0.2519,-3.356,2.0463,0.3699,-0.7117,-1.9761,1.8334,3.6849,6.8141,1.0
-2.8889,4.4438,-3.8543,1.5872,2.515,-1.002,-1.984,1.4973,3.1175,3.1567,1.0
-2.1391,1.8838,-4.8771,1.9221,5.0301,0.4771,-2.1297,2.6876,6.2859,4.4122,1.0
2.3722,-3.4826,-4.4122,3.6697,-3.9407,0.7246,1.6219,1.8041,-7.7691,-4.8718,0.0
-2.9496,1.3436,-2.5242,3.9735,3.471,1.4492,-1.2294,3.7282,2.8781,4.293,1.0
-4.5701,-4.5203,4.2458,2.4268,-0.9311,-0.4669,1.4948,1.7894,-2.9663,-3.6884,4.0
4.256,-2.708,3.8392,-6.2828,-3.2493,0.6528,2.1453,-5.5335,4.7444,5.632,2.0
3.2506,-4.3897,0.4111,-3.7204,0.2278,0.5747,0.1702,4.8184,-4.3025,1.5854,3.0
-3.1479,-0.482,3.4202,2.8715,-2.0828,-0.2907,0.9822,1.7184,-3.3373,-3.7618,4.0
-0.8969,-0.3809,-4.5639,2.142,3.9878,-0.1246,-3.4521,3.7553,7.688,6.1062,1.0
1.5593,-5.7688,-7.434,3.6313,-3.2188,-1.845,2.4297,1.0319,-2.7267,-3.1524,0.0
-1.6568,2.173,-6.8966,6.5519,0.6691,-1.0062,-4.1909,4.0515,7.2902,1.8058,1.0
-3.2693,-1.1247,3.6406,2.1345,-7.624,-0.0087,4.9259,2.0744,-4.8526,-0.2773,4.0
4.7465,-4.6356,-7.6199,8.0029,-2.8611,0.0624,1.3451,4.7107,-0.4999,-0.5175,0.0
2.1945,-3.7274,1.6356,-0.9578,-6.878,-0.314,5.2645,-0.9941,7.0173,3.0797,2.0
-1.3621,-0.3545,-1.4889,3.3067,1.7372,-0.8525,-3.5489,5.4002,6.5649,4.7955,1.0
-3.1578,-2.1668,5.6156,1.8618,-5.1289,-1.3814,3.2733,1.6251,-2.3213,-2.7149,4.0
-3.3231,1.9579,-6.7672,1.8385,3.2299,1.0619,-1.2454,4.5905,4.3496,2.1657,1.0
-2.1065,-3.1186,4.9157,2.083,-5.2956,0.0868,2.7127,0.8305,-2.0181,-1.023,4.0
4.7765,-5.5991,7.7807,-4.1711,-2.7488,1.0624,-5.5702,2.9588,-3.6043,3.4604,3.0
7.3245,-2.6653,-0.0282,4.6989,-4.9303,0.5191,0.7196,6.6407,-2.5399,-2.9008,0.0
-0.9632,3.8613,-3.5558,5.4556,-0.1991,1.0102,-6.4869,1.5742,4.9463,2.6067,1.0
1.2576,-5.4949,2.5069,-1.9799,-2.8155,-0.0352,-5.4662,3.8355,-1.9826,-0.1974,3.0
-5.1248,-4.7657,3.3214,4.5793,-3.2749,1.1297,3.7858,5.0768,-3.4131,-5.4816,4.0
-3.1725,4.814,-5.4413,5.8894,2.5717,0.0148,-4.7023,2.7209,5.5724,1.4375,1.0
2.9456,-2.7183,1.9373,-3.3645,-1.5664,-0.1766,2.6566,-3.409,3.9271,3.1753,2.0
-2.7258,3.712,-1.0179,3.5264,0.158,1.1243,-3.259,3.6637,2.0793,2.4664,1.0
-1.1924,1.8572,7.7102,4.7028,-5.5833,0.7131,2.366,2.4712,-0.0475,-2.0716,4.0
5.4246,-2.7761,3.4189,-2.3166,-3.9094,1.3865,-4.3328,2.8958,-2.2856,5.3934,3.0
3.6668,-6.1211,1.0907,-2.0914,-5.5657,-0.2502,0.7833,-1.6497,8.1271,0.1374,2.0
-2.1974,4.0821,-6.1028,1.8965,5.8167,0.2731,-2.2519,0.676,3.3927,3.3041,1.0
0.9695,-1.2909,7.4692,4.267,-5.0235,0.756,3.2283,2.9316,0.5773,-2.1044,4.0
5.0034,-4.499,1.0489,-4.7727,-3.7936,0.2343,2.4083,0.3394,-6.1965,1.8494,3.0
-3.893,-3.062,4.9434,0.8484,-2.3704,0.9825,1.1944,0.095,-2.5292,-2.7551,4.0
2.3406,-3.0879,5.2702,-3.3661,-5.7938,-0.3998,-4.5007,1.3226,-3.3866,2.9717,3.0
-3.4825,2.0938,-2.8547,2.7885,3.9682,-0.7157,-4.5812,5.0146,2.664,4.5498,1.0
1.1238,-2.3005,1.2545,-1.9826,-4.4025,0.825,2.3999,-1.0345,1.6207,4.286,2.0
4.2983,-5.0134,1.2844,-3.3717,-0.9881,-0.0375,-0.4633,-2.4928,2.9586,3.2087,2.0
-4.2228,-7.7725,5.815,2.7736,-4.3404,1.2222,4.5198,3.6078,-1.463,-4.4606,4.0
1.1586,-3.8107,-2.3812,0.3005,-4.2474,-1.8692,4.2623,1.521,-4.3947,-5.6703,0.0
3.0526,-2.3107,3.2547,-3.1414,-2.7303,-1.3052,-2.1269,2.8594,-3.8403,3.407,3.0
-1.9252,-1.0013,-2.8247,1.6664,-0.1979,0.9694,7.7902,-0.1039,-4.9436,-6.1086,0.0
3.8543,-2.8202,-1.3376,-2.8529,0.8011,-0.7868,2.4198,-5.1121,-0.3949,-0.0866,2.0
7.9012,-5.4195,-0.949,2.5187,-6.3957,-0.379,0.4078,8.1239,-6.5079,-3.8804,0.0
-4.2664,3.9575,-1.4789,5.697,1.1655,-1.2396,-5.2442,4.7946,2.3276,3.1341,1.0
-3.8243,-2.9528,3.4612,5.9394,-3.5474,-0.3653,4.5276,5.8687,-3.1274,-3.8813,4.0
4.7588,-1.1225,-2.9845,6.3057,0.0622,-0.0801,5.3781,6.4921,-6.0704,-1.6844,0.0
-0.6086,-0.2407,4.538,-3.9148,-2.2123,0.6422,-2.2573,3.9785,-5.7186,2.1018,3.0
2.6301,-5.8465,-3.3108,3.9709,-5.3612,-1.4119,1.7122,4.3898,0.0824,-4.3458,0.0
1.8655,-3.0127,3.5471,-4.0416,-4.099,0.7441,-6.3206,5.7577,-2.9591,4.1546,3.0
2.7177,-2.535,-0.0414,-4.6437,-3.6361,-0.252,0.3285,3.2609,-4.5879,4.3592,3.0
-2.8504,-1.1183,5.5661,2.612,-5.7785,-0.0054,2.0948,1.0863,-2.0261,-2.5032,4.0
-3.2061,-1.5002,6.2448,2.6729,-7.801,-0.2346,4.8766,2.5233,-1.924,-2.826,4.0
-2.5575,-3.057,2.2496,6.4688,-2.5204,0.5744,4.586,6.0038,-3.7766,-3.0668,4.0
3.3615,-4.353,4.381,-2.9103,-3.7968,0.2432,-3.7966,1.93,-3.0672,2.1342,4.0
3.6537,-2.8491,3.4,-5.4439,-2.5058,-1.113,2.6732,-5.7579,5.0938,2.8172,2.0
-4.1315,-5.1609,3.0408,3.5051,-4.7582,0.5751,4.0993,2.5422,-3.6147,-2.1409,4.0
-2.0991,-1.2336,-0.649,-0.9964,-5.332,0.8114,4.3505,-0.2486,5.8165,3.1962,2.0
-3.1985,-4.9169,2.816,2.6471,-5.6007,-1.45,4.976,3.2631,-3.9295,-0.7705,4.0
-2.0055,-3.7483,-5.8703,1.6199,-1.2861,0.1387,7.3813,-0.3442,-0.8254,-5.2212,0.0
-1.7027,-2.1541,3.1649,4.1678,-1.5312,-0.7842,2.2926,3.384,-2.3019,-3.7765,4.0
0.0615,1.3822,7.2995,2.1272,-4.278,0.0781,4.4946,2.1165,-1.9299,-1.3559,4.0
4.8192,-0.0848,-3.9556,4.2284,0.1475,1.0261,6.2079,3.3254,-5.1302,0.4804,0.0
2.7098,-4.9054,-6.1164,4.8627,-4.9153,0.6509,-0.1113,1.737,-5.4698,-3.8331,0.0
1.9372,-5.5082,2.757,-4.4011,-1.2028,0.2027,-2.1318,2.1134,0.0818,4.6808,3.0
-2.2743,3.3375,-5.4829,5.0391,1.6667,1.3624,-4.7648,2.7259,6.0792,2.4303,1.0
-2.9731,5.1194,-2.7595,0.3348,2.3048,0.2353,-3.0581,0.4175,0.1516,4.5569,1.0
4.9823,-3.6867,0.7588,-4.1158,-5.08,-1.7295,2.3493,-4.3995,5.3543,3.0606,2.0
4.137,-4.3186,2.926,-4.4445,-5.2141,-0.329,2.528,-4.0684,4.228,2.8106,2.0
-3.0522,3.0307,-2.4652,0.3407,4.2995,0.3834,-3.1575,2.2455,2.9963,5.4213,1.0
5.4043,-2.5695,3.7789,-2.3819,-4.9315,1.0306,7.193,-4.4985,1.6481,4.129,2.0
-4.3033,-4.2825,1.4795,3.4513,-3.8529,0.3385,5.15,5.1902,-5.4215,-3.4796,4.0
3.3845,-2.5355,2.8896,-3.0007,-4.1365,1.1173,-3.3524,3.4153,-4.0471,3.2251,3.0
1.5929,-3.8567,5.2334,-0.4484,-3.056,2.0528,5.3746,-0.4356,0.5437,2.3933,2.0
-3.5015,5.8031,-5.5488,4.175,3.9739,-0.0679,-5.8486,2.1525,3.2297,1.6087,1.0
6.5877,-5.2679,-0.9586,3.513,-5.8014,0.9716,1.8131,8.0124,-1.5627,-2.9635,0.0
-5.6644,-2.2609,1.8773,2.8623,-6.6332,-0.1452,4.5708,4.1083,-5.601,-3.2107,4.0
-2.1284,1.3366,-2.557,4.003,1.3382,0.7259,-5.8425,4.761,5.3026,4.3353,1.0
4.7804,-6.4193,-3.5438,5.0094,-5.7093,0.7941,0.5315,6.5222,-3.0356,-4.2714,0.0
-3.7692,-5.5528,3.202,2.6046,-4.1793,-0.1493,5.0428,4.1494,-4.0582,-3.5992,4.0
3.7193,-2.9257,-1.4864,1.5627,-4.3672,-0.2221,3.5117,2.735,0.3209,-3.2294,0.0
-4.9636,-4.5515,1.4998,2.0559,0.9495,-1.3285,2.3752,3.0546,-5.396,-4.0848,4.0
-2.6081,-3.257,4.9746,4.3221,-3.3519,-0.8874,2.1838,2.9218,-1.1761,-3.8366,4.0
3.439,-2.8472,2.1545,-4.1531,-4.5809,1.213,-2.3218,4.3991,-6.1154,0.6567,3.0
-4.0632,-2.9592,0.473,1.4294,-2.1814,0.5712,2.5764,2.2903,-5.8682,-4.0415,4.0
2.3017,-1.2201,-0.0573,-3.2127,-5.1783,0.6567,4.424,-3.8711,6.4511,4.1312,2.0
3.9931,-5.117,-4.8849,4.8327,-4.5273,-0.6058,0.5684,4.1857,-6.6188,-4.2027,0.0
-1.7799,-0.5247,7.0799,3.9455,-8.0702,-1.5668,3.9838,2.745,-1.1416,-2.0922,4.0
1.2383,-2.0516,1.1588,-2.6642,-2.0585,-0.8404,-0.7864,1.4442,-0.8487,6.8204,3.0
-1.8221,2.6444,-1.1116,-1.9147,3.7896,-1.2291,-6.443,2.7524,-0.3959,7.1595,1.0
3.459,-1.3123,4.3059,-4.3269,-2.752,0.4075,-3.065,5.8699,-5.0628,3.8891,3.0
2.0986,-2.5881,-3.6999,3.6491,-2.3951,0.6864,4.2543,2.587,-3.9384,-3.5975,0.0
-2.8837,-2.098,-0.345,1.4888,-4.4364,0.8984,5.1409,3.2667,-6.9668,-1.3277,4.0
7.0266,-1.3656,5.4483,-4.3189,-4.5342,-0.6606,-2.2597,4.7953,-5.8549,2.9641,3.0
-4.0101,3.0703,-3.1352,3.127,5.1907,0.7801,-7.3509,6.5467,3.0919,2.1232,1.0
0.7736,-2.9114,-6.4723,4.1832,-2.2587,-0.0304,3.4991,0.5995,-5.806,-4.409,0.0
-1.7964,1.7519,-2.2399,-1.6174,4.614,1.763,-4.4827,3.0913,2.2446,6.2828,1.0
4.2085,-4.4773,7.103,-3.2759,-5.9375,0.1943,4.0108,-2.8175,3.1259,3.6657,2.0
-4.3873,3.8116,-2.8173,3.6469,3.3703,1.4281,-2.9057,4.1553,2.4752,2.3624,1.0
0.2018,-1.855,6.6997,3.2187,-4.7569,-2.1302,3.3216,1.3263,-0.4752,-0.4087,4.0
5.304,-5.1263,-0.0981,-1.4692,-6.1586,-0.0576,2.6729,-2.1791,2.7315,3.8626,2.0
5.9574,-4.6688,-3.3636,2.9645,-3.6924,-0.9764,2.6811,5.6187,-6.0834,-2.6816,0.0
2.3879,-3.6729,1.2873,-4.4066,-3.6456,-0.3472,-1.9505,3.2745,-4.043,2.4738,3.0
3.0339,-3.2909,-0.6437,-1.7263,-3.8392,0.0207,4.0155,-3.2546,2.9083,1.0554,2.0
-2.2806,-1.8418,-2.5037,0.5683,0.8476,-3.7088,10.7193,2.1556,-6.6185,-6.3295,0.0
3.2825,-2.3861,7.0686,-5.4582,-6.5841,0.7193,3.994,-3.9509,6.7736,5.6264,2.0
-3.7025,-1.8659,5.6699,3.5245,-5.5332,-0.0239,4.2578,4.1988,-2.9108,-3.912,4.0
-3.8198,-4.0179,2.0008,2.278,-4.1877,-0.5526,3.4374,1.9255,-4.5378,-1.6201,4.0
-3.0067,-3.9175,6.3463,0.6841,-4.6571,-0.03,1.113,-0.7115,-0.9935,-3.2388,4.0
-4.1188,-3.8121,3.6288,3.2666,-5.011,-0.6381,3.843,3.6204,-3.6685,-3.1414,4.0
0.8705,-4.0806,2.2626,-3.4295,-1.5522,0.6968,-1.9793,2.8261,-2.17,1.466,3.0
-4.7048,-4.7298,-0.1045,4.449,-3.971,0.9325,3.9735,4.7498,-5.276,-3.3154,4.0
-7.4693,-4.9691,1.9688,3.047,-2.8184,0.8805,3.8048,4.1575,-5.6945,-4.4083,4.0
2.71,-3.8014,-2.7694,2.1336,-3.6277,0.1515,4.2939,3.1095,-2.7061,-2.9847,0.0
-4.9469,4.8118,-2.9871,2.2925,4.9085,0.3043,-3.7427,2.8627,2.4122,3.7785,1.0
1.2567,-1.8079,4.4116,-5.5462,-6.7357,0.0903,3.8193,-4.9299,4.31,4.7059,2.0
4.9957,-0.5274,2.9892,-2.3869,-3.2929,-0.5955,-0.6497,3.3761,-6.7987,1.2368,3.0
6.1987,-6.1127,7.2534,-3.3698,-5.4501,0.6668,-4.9941,-0.5832,-2.1945,4.3973,3.0
-3.0102,-1.8109,0.5387,2.0094,-3.7663,-2.0339,4.038,2.6444,-6.1447,-1.382,4.0
6.2198,-2.5119,-3.1957,5.3667,-5.633,-0.2939,-1.506,3.4668,-8.4925,-2.3353,0.0
-2.3501,-3.4849,4.8699,2.1969,-5.3966,0.8265,2.5051,0.7184,-1.6957,-1.9623,4.0
4.6336,-2.8742,-3.1197,2.9532,-4.6602,0.8165,1.2384,2.6366,-4.3576,-2.2892,0.0
6.7544,-4.4909,-2.7198,2.5874,-5.5387,1.7951,0.9647,5.3904,-5.3647,-2.851,0.0
3.7131,-2.5752,2.7624,-3.6208,-8.8324,-1.0635,5.8938,-3.6181,7.9734,6.1426,2.0
1.4546,-1.7965,2.1333,-2.5152,-2.2882,0.5718,3.1027,-2.933,1.5175,2.2503,2.0
6.3898,-3.802,-3.2147,3.3179,-5.4421,-0.4922,0.8683,4.3024,-2.2381,-1.2911,0.0
4.4132,-4.6837,2.2982,-1.2301,-9.2946,2.5324,6.397,-2.7951,3.3414,1.1097,2.0
5.4,-4.76,6.5423,-3.651,-2.4118,1.2539,-3.1638,2.8138,-5.4937,2.5533,3.0
5.9086,-4.1241,-2.7229,4.6305,-3.3177,0.0399,3.2369,6.703,-2.3097,-1.6002,0.0
-4.9278,-1.949,6.4064,0.0694,-3.9645,-0.5733,2.9332,0.6884,-3.2582,-3.7677,4.0
-2.6338,-5.8516,5.7047,2.1028,-4.286,-0.9486,3.6536,2.0054,-1.7802,-2.5062,4.0
1.4061,-3.7996,1.7574,-3.1498,-2.2889,-1.8772,-2.8035,3.0688,-1.9885,2.6867,3.0
2.7009,-4.218,2.3192,-0.4807,-4.8755,1.3787,4.8749,-1.3924,1.7363,1.0766,2.0
3.5121,-1.8079,-2.129,2.73,-1.9395,-0.7693,5.4978,3.5581,-2.223,-2.3176,0.0
-2.7761,-1.1473,2.6328,5.2403,-4.6537,0.8485,5.7571,6.6458,-4.2009,-3.7185,4.0
-1.8369,-4.1834,2.6178,2.989,-4.1862,-1.5541,2.3842,2.5032,-2.5879,-2.9128,4.0
0.9608,-2.8201,-2.5784,1.2231,-2.5746,-0.3825,5.7651,1.4108,-1.8198,-4.85,0.0
2.9108,-2.9724,-0.0579,-0.4584,-5.2465,0.3776,5.8916,-2.7433,1.78,0.777,2.0
-0.0189,-1.877,2.935,-2.8537,-1.9174,0.7881,2.4562,-1.7374,3.3304,2.6465,2.0
1.583,-4.4318,5.554,-1.9434,-3.6615,0.915,3.5524,-0.4545,4.6528,3.1275,2.0
-2.1154,0.3349,3.0007,1.7112,-5.2787,1.6337,3.404,1.3417,-4.2143,-1.4617,4.0
1.7425,-4.9009,2.602,-2.7324,-2.0222,0.3204,-5.4269,5.7183,-0.9796,-0.4808,3.0
5.3078,-4.9088,8.9547,-1.1678,-0.9573,2.0622,-3.6584,0.2923,-4.6331,-0.4712,3.0
-3.0009,-2.2126,0.6813,3.9072,-4.6813,1.2961,5.4493,4.6957,-5.7842,-2.6514,4.0
-3.0368,4.0279,-4.5206,3.6057,4.0816,0.0027,-2.1369,2.9228,3.6185,1.3607,2.0
-5.3778,-5.0182,2.5409,5.3171,-1.7128,-0.738,4.4099,6.9414,-3.988,-6.3987,4.0
5.4618,-2.3911,4.1838,-3.6276,-4.0557,1.5263,-2.7891,2.9459,-2.8176,5.8537,3.0
2.3944,-6.4663,1.948,-3.0625,-3.7946,-0.0836,-3.8333,0.6109,0.8603,3.7373,3.0
-4.5908,4.3402,-1.9685,3.9633,2.5081,0.0918,-4.7766,4.1563,1.351,3.243,1.0
4.7516,-4.6612,3.6758,-5.8343,-6.5296,0.0798,2.2609,-5.3907,3.9613,3.7585,2.0
-4.8785,-4.0898,3.5253,4.276,-3.9106,-1.6135,4.6189,4.566,-4.2553,-2.8092,4.0
1.7793,-0.7145,4.5153,-4.721,-1.2164,-1.0017,3.2898,-4.7095,0.4544,3.5431,2.0
4.1396,-4.6078,-2.7875,3.2129,-4.3223,0.8002,2.3935,5.1665,-4.7642,-4.3571,0.0
1.9906,-2.5184,0.6873,-3.3157,-3.148,0.3024,2.6924,-3.0204,3.0279,3.3444,2.0
3.7232,-3.6563,4.9328,-3.0761,0.3222,1.1555,2.7902,-4.109,-0.1012,0.6206,2.0
-2.7934,4.2535,-3.0156,2.9595,3.1902,-0.521,-4.6,2.5403,3.3307,2.9531,1.0
-1.6076,2.3298,-4.4741,1.7378,-0.0967,-0.8555,-7.847,2.9192,3.5919,5.7041,1.0
0.9936,-4.0179,1.1066,-1.9087,-0.7652,0.3548,-3.9091,4.1157,-0.3713,3.6641,3.0
4.5432,-5.0657,-5.1786,4.2195,-2.9712,1.7548,2.9313,4.9487,-4.9244,-2.2982,0.0
-1.7433,-3.1918,2.0238,2.9644,-5.4953,-0.6489,5.0904,3.6596,-4.2256,-0.8075,4.0
-3.4906,4.8064,-4.1945,5.5762,3.8515,1.1437,0.1519,2.8258,4.724,-0.8422,1.0
3.0454,-4.4525,0.4007,-2.8038,-3.5153,-0.3952,2.0518,-2.6795,4.7863,2.7284,2.0
-2.371,5.7258,-6.0801,3.8537,3.564,-0.643,-4.6697,0.3358,4.7133,1.5771,1.0
