
DROP TABLE IF EXISTS Tabl_Kontinent$;
GO;
-- Создание таблицы Tabl_Kontinent$
CREATE TABLE Tabl_Kontinent$ (
    Nazvanie NVARCHAR(50),
    Stolica NVARCHAR(50),
    PL INT,
    KolNas BIGINT,
    Kontinent NVARCHAR(50)
);

-- Вставка данных в таблицу Tabl_Kontinent$
INSERT INTO Tabl_Kontinent$ (Nazvanie, Stolica, PL, KolNas, Kontinent)
VALUES
    (N'Сев Корея', N'Пхеньян', 83858, 8741753, N'Азия'),
    (N'Австрия', N'Вена', 83858, 8741753, N'Европа'),
    (N'Азербайджан', N'Баку', 86600, 9705600, N'Азия'),
    (N'Албания', N'Тирана', 28748, 2866376, N'Европа'),
    (N'Алжир', N'Алжир', 2381740, 39313372, N'Африка'),
    (N'Ангола', N'Луанда', 1246700, 25831000, N'Африка'),
    (N'Аргентина', N'Буэнос-Айрес', 2766890, 43847000, N'Южная Америка'),
    (N'Афганистан', N'Кабул', 647500, 29822848, N'Азия'),
    (N'Бангладеш', N'Дакка', 144000, 160221000, N'Азия'),
    (N'Бахрейн', N'Манама', 701, 1397000, N'Азия'),
    (N'Белиз', N'Бельмопан', 22966, 377968, N'Северная Америка'),
    (N'Белоруссия', N'Минск', 207595, 9498400, N'Европа'),
    (N'Бельгия', N'Брюссель', 30528, 11250585, N'Европа'),
    (N'Бенин', N'Порто-Ново', 112620, 11167000, N'Африка'),
    (N'Болгария', N'София', 110910, 7153784, N'Европа'),
    (N'Боливия', N'Сукре', 1098580, 10985059, N'Южная Америка'),
    (N'Ботсвана', N'Габороне', 600370, 2209208, N'Африка'),
    (N'Бразилия', N'Бразилиа', 8511965, 206081432, N'Южная Америка'),
    (N'Буркина-Фасо', N'Уагадугу', 274200, 19034397, N'Африка'),
    (N'Бутан', N'Тхимпху', 47000, 784000, N'Азия'),
    (N'Великобритания', N'Лондон', 244820, 65341183, N'Европа'),
    (N'Венгрия', N'Будапешт', 93030, 9830485, N'Европа'),
    (N'Венесуэла', N'Каракас', 912050, 31028637, N'Южная Америка'),
    (N'Восточный Тимор', N'Дили', 14874, 1167242, N'Азия'),
    (N'Вьетнам', N'Ханой', 329560, 91713300, N'Азия');

    CREATE TABLE Fakultet (
    ABfak NVARCHAR(10),
    NFak NVARCHAR(100)
);

INSERT INTO Fakultet (ABfak, NFak) VALUES
(N'гн', N'Гуманитарные Науки'),
(N'ен', N'Естественные Науки'),
(N'ит', N'Информационные Технологии'),
(N'фм', N'Физико Математические');

CREATE TABLE Kafedra (
    ShifKaf NVARCHAR(10),
    NKaf NVARCHAR(100),
    AbFaK_Kaf NVARCHAR(10)
);

INSERT INTO Kafedra (ShifKaf, NKaf, AbFaK_Kaf) VALUES
(N'вм', N'Высшая Математика', N'ен'),
(N'ис', N'Информационные Системы', N'ит'),
(N'мм', N'Математическое Моделирование', N'фм'),
(N'оф', N'Общая Физика', N'ен'),
(N'пм', N'Прикладная Математика', N'ит'),
(N'эф', N'Экспериментальная Физика', N'фм');

CREATE TABLE Sotrudnik (
    TabNom INT PRIMARY KEY,         -- Табельный номер
    ShiftKaf_Sotr NVARCHAR(10),    -- Смена кафедры сотрудника
    FIO NVARCHAR(50),              -- ФИО
    Dolgn NVARCHAR(50),            -- Должность
    Zarplata DECIMAL(10, 2),       -- Зарплата
    TabNom_ruk INT                  -- Табельный номер руководителя
);

INSERT INTO Sotrudnik (TabNom, ShiftKaf_Sotr, FIO, Dolgn, Zarplata, TabNom_ruk) VALUES
(101, N'пи', N'Прохоров', N'зав.кафедрой', 3500.00, 101),
(102, N'пи', N'Семенов', N'преподаватель', 2500.00, 101),
(103, N'пи', N'Петров', N'преподаватель', 2500.00, 101),
(151, N'пи', N'Сидоров', N'инженер', 1500.00, 102),
(153, N'пи', N'Андреев', N'зав.кафедрой', 1500.00, 201),
(201, N'ис', N'Борисов', N'зав.кафедрой', 3000.00, 201),
(202, N'ис', N'Глухов', N'преподаватель', 2500.00, 201),
(242, N'ис', N'Чернов', N'инженер', 2000.00, 202),
(301, N'мк', N'Лисов', N'зав.кафедрой', 4500.00, 301),
(302, N'мм', N'Сергеева', N'преподаватель', 2500.00, 301),
(303, N'мм', N'Зайцев', N'преподаватель', 2500.00, 301),
(402, N'ф', N'Воронов', N'зав.кафедрой', 4000.00, 401),
(403, N'ф', N'Иванов', N'преподаватель', 2500.00, 401),
(503, N'вм', N'Кузнецов', N'зав.кафедрой', 4500.00, 501),
(504, N'вм', N'Романчев', N'преподаватель', 2500.00, 501),
(602, N'эф', N'Соловьев', N'преподаватель', 2500.00, 601),
(603, N'эф', N'Сорокина', N'преподаватель', 2500.00, 601),
(614, N'эф', N'Григорьев', N'инженер', 2000.00, 602);

CREATE TABLE Spezialn (
    NSpez NVARCHAR(10),           -- Номер специальности
    NaprSpez NVARCHAR(100),       -- Направление специальности
    Shifr_Spez NVARCHAR(10)      -- Шифр специальности
);

INSERT INTO Spezialn (NSpez, NaprSpez, Shifr_Spez) VALUES
('01.03.04', N'Прикладная Математика', N'мм'),
('09.03.02', N'Информационные системы и технологии', N'ис'),
('14.03.02', N'Ядерная физика и технологии', N'иф'),
('38.03.05', N'Бизнес информатика', N'ис'),
('09.03.09', N'Прикладная информатика', N'пи');

CREATE TABLE Predmet (
    kod_pred INT,                 -- Код предмета
    Kol INT,                      -- Количество часов
    Predmet NVARCHAR(50),        -- Название предмета
    Ispolnitel_kaf NVARCHAR(10)  -- Исполнитель кафедра
);

INSERT INTO Predmet (kod_pred, Kol, Predmet, Ispolnitel_kaf) VALUES
(101, 320, N'Математика', N'вм'),
(102, 160, N'Информатика', N'пи'),
(103, 160, N'Физика', N'оф'),
(202, 120, N'База данных', N'ис'),
(204, 160, N'Электроника', N'эф'),
(205, 80, N'Программирование', N'пи'),
(209, 80, N'Моделирование', N'мм');

CREATE TABLE Zakaz (
    N_Z NVARCHAR(10),
    Kod_Z INT
);

INSERT INTO Zakaz (N_Z, Kod_Z) VALUES
('01.03.04', 101),
('01.03.04', 205),
('09.03.02', 209),
('09.03.02', 102),
('14.03.03', 101),
('14.03.03', 205),
('38.03.05', 102),
('38.03.05', 201),
('99.09.03', 209),
('99.09.03', 204);

CREATE TABLE ZavKaf (
    TabNom_K INT PRIMARY KEY,
    Stazh INT
);

-- Inserting the data:
INSERT INTO ZavKaf (TabNom_K, Stazh) VALUES
(101, 15), (201, 18), (301, 20), (401, 10),
(501, 18), (601, 8);

CREATE TABLE Ingener (
    TabNom_IN INT PRIMARY KEY,
    Specz NVARCHAR(50)
);

-- Inserting the data:
INSERT INTO Ingener (TabNom_IN, Specz) VALUES
(153, N'электроник'), (241, N'электроник'), 
(242, N'программист'), (435, N'электроник'),
(614, N'программист');

CREATE TABLE Prepodavatel (
    TabNom_Pr INT PRIMARY KEY,
    Zvanie NVARCHAR(50),
    Stepen NVARCHAR(50)
);

-- Inserting the data:
INSERT INTO Prepodavatel (TabNom_Pr, Zvanie, Stepen) VALUES
(101, N'профессор', N'д.т.н.'), 
(102, N'доцент', N'к.ф-м.н.'), 
(105, N'доцент', N'к.т.н.'), 
(201, N'доцент', N'д.ф-м.н.'), 
(202, N'доцент', N'к.ф-м.н.'),
(301, N'профессор', N'д.т.н.'),  
(302, N'профессор', N'к.т.н.'), 
(401, N'профессор', N'д.т.н.'), 
(402, N'доцент', N'к.т.н.'), 
(403, N'ассистент', NULL), 
(501, N'профессор', N'д.ф-м.н.'), 
(502, N'профессор', N'д.ф-м.н.'), 
(503, N'доцент', N'к.ф-м.н.'), 
(601, N'профессор', N'д.ф-м.н.');

CREATE TABLE Student (
    RegNom INT PRIMARY KEY,
    Nom_Spec_St NVARCHAR(10),
    Fio_stud NVARCHAR(100)
);

-- Inserting the data:
INSERT INTO Student (RegNom, Nom_Spec_St, Fio_stud) VALUES
(10101, '09.03.03', N'Николаев'), 
(10102, '09.03.03', N'Иванов'), 
(10103, '09.03.03', N'Крюков'), 
(20101, '09.03.02', N'Андреев'), 
(20102, '09.03.02', N'Федоров'), 
(30101, '14.03.02', N'Бондаренко'), 
(30102, '14.03.02', N'Цветков'), 
(30103, '14.03.02', N'Петров'),
(50101, '01.03.04', N'Сергеев'), 
(50102, '01.03.04', N'Кудрявцев'), 
(80101, '38.03.05', N'Макаров'), 
(80102, '38.03.05', N'Яковлев');

CREATE TABLE Ozenka (
    data DATE,
    Kod INT,
    ReGNom INT,
    Tab_Nom INT,
    Auditoria NVARCHAR(10),
    Ozenk_a INT
);

INSERT INTO Ozenka (data, Kod, ReGNom, Tab_Nom, Auditoria, Ozenk_a) VALUES
('2022-06-05', 102, 10101, 102, N'т505', 4),
('2022-06-05', 102, 10102, 202, N'т505', 4),
('2022-06-05', 20101, 20102, 202, N'т506', 3),
('2022-06-07', 102, 30101, 105, N'ф419', 3),
('2022-06-07', 102, 30102, 101, N'т506', 4),
('2022-06-09', 80101, 1002, 402, N'м425', 5),
('2022-06-09', 205, 80102, 402, N'м424', 4),
('2022-06-09', 209, 20101, 302, N'ф333', 3),
('2022-06-10', 101, 10102, 501, N'т506', 4),
('2022-06-10', 204, 30102, 601, N'ф349', 5),
('2022-06-10', 209, 80101, 301, N'э105', 5),
('2022-06-10', 209, 80102, 301, N'э105', 4),
('2022-06-12', 101, 80101, 502, N'с324', 4),
('2022-06-15', 101, 30101, 503, N'ф417', 4),
('2022-06-15', 101, 50101, 501, N'ф201', 5),
('2022-06-15', 101, 50102, 501, N'ф201', 3),
('2022-06-15', 103, 10101, 403, N'ф414', 4),
('2022-06-15', 102, 10101, 102, N'т505', 5);
